"","name","Sample","patient","sample_type","date","622175 | PA0566","1844998 | pscP","2873606 | PA2542","471466 | mexR","1951794 | parR","4166665 | nalC","5365529 | pmrB","3253933 | PA2899","5153228 | mexD","5365166 | pmrB","sample_type_colour"
"20_rectal_35748_2#5_2020-04-30","20_rectal_35748_2#5_2020-04-30","35748_2#5","20","rectal","2020-04-30",0.272727272727273,0.256410256410256,0.322033898305085,0.0229885057471264,0,0.628571428571429,0,0.197674418604651,0.296296296296296,0.3125,"#BCE6A0"
"20_rectal_35750_4#14_2020-04-14","20_rectal_35750_4#14_2020-04-14","35750_4#14","20","rectal","2020-04-14",0.607142857142857,0.602941176470588,0.581818181818182,0,0,0.285714285714286,0,0.0357142857142857,0,0,"#BCE6A0"
"20_rectal_35750_4#40_2020-04-16","20_rectal_35750_4#40_2020-04-16","35750_4#40","20","rectal","2020-04-16",0.518072289156627,0.431372549019608,0.417721518987342,0.0933333333333334,0,0.444444444444444,0,0,0,0.025,"#BCE6A0"
"20_nasal_35712_3#24_2020-04-14","20_nasal_35712_3#24_2020-04-14","35712_3#24","20","nasal","2020-04-14",0,0,0,0.757575757575758,0,0,0,0,0,0.632911392405063,"#FDBF6C"
"20_nasal_35712_3#58_2020-04-16","20_nasal_35712_3#58_2020-04-16","35712_3#58","20","nasal","2020-04-16",0,0,0,0.830769230769231,0,0,0.153846153846154,0,0,0.194444444444444,"#FDBF6C"
"20_nasal_35712_4#14_2020-04-23","20_nasal_35712_4#14_2020-04-23","35712_4#14","20","nasal","2020-04-23",0,0,0,0.896551724137931,0,0,0,0,0,0,"#FDBF6C"
"20_nasal_35712_4#96_2020-05-05","20_nasal_35712_4#96_2020-05-05","35712_4#96","20","nasal","2020-05-05",0,0,0,0.837837837837838,0,0,0,0,0,0,"#FDBF6C"
"20_rectal_35748_1#51_2020-04-28","20_rectal_35748_1#51_2020-04-28","35748_1#51","20","rectal","2020-04-28",0,0,0,0,0,0.925925925925926,0,0.0277777777777778,0,0,"#BCE6A0"
"20_respiratory_35748_4#2_2020-04-23","20_respiratory_35748_4#2_2020-04-23","35748_4#2","20","respiratory","2020-04-23",0.0103092783505154,0,0,1,0.337078651685393,0,0,0.0266666666666666,0,0.263736263736264,"#5E4EA2"
"20_nasal_35750_1#22_2020-04-14","20_nasal_35750_1#22_2020-04-14","35750_1#22","20","nasal","2020-04-14",0,0,0,0.465909090909091,0,0.024390243902439,0,0,0,0,"#FDBF6C"
"20_nasal_35750_1#53_2020-04-16","20_nasal_35750_1#53_2020-04-16","35750_1#53","20","nasal","2020-04-16",0,0,0,0.31,0,0.0600000000000001,0,0,0,0,"#FDBF6C"
"20_nasal_35750_2#10_2020-04-21","20_nasal_35750_2#10_2020-04-21","35750_2#10","20","nasal","2020-04-21",0,0,0,0.425,0.0194174757281553,0,0,0,0,0,"#FDBF6C"
"20_nasal_35750_2#25_2020-04-23","20_nasal_35750_2#25_2020-04-23","35750_2#25","20","nasal","2020-04-23",0,0,0,0.988095238095238,0,0,0,0,0,0.0125,"#FDBF6C"
"20_nasal_35750_2#92_2020-04-28","20_nasal_35750_2#92_2020-04-28","35750_2#92","20","nasal","2020-04-28",0.0151515151515151,0,0,1,0,0,0,0,0,0,"#FDBF6C"
"20_nasal_35750_3#20_2020-04-30","20_nasal_35750_3#20_2020-04-30","35750_3#20","20","nasal","2020-04-30",0,0,0,1,0,0,0,0,0,0,"#FDBF6C"
"20_nasal_35750_3#56_2020-05-05","20_nasal_35750_3#56_2020-05-05","35750_3#56","20","nasal","2020-05-05",0.0126582278481012,0,0,0.297297297297297,0,0,0,0,0.0113636363636364,0,"#FDBF6C"
"20_nasal_35763_3#30_2020-04-09","20_nasal_35763_3#30_2020-04-09","35763_3#30","20","nasal","2020-04-09",0,0,0,0.690721649484536,0,0,0,0,0,0,"#FDBF6C"
"20_respiratory_35764_1#5_2020-04-15","20_respiratory_35764_1#5_2020-04-15","35764_1#5","20","respiratory","2020-04-15",0,0,0,0,0,0,0.983870967741935,0,0,0,"#5E4EA2"
"20_respiratory_35764_2#12_2020-04-23","20_respiratory_35764_2#12_2020-04-23","35764_2#12","20","respiratory","2020-04-23",0,0,0,1,0.301369863013699,0,0,0,0,0.238805970149254,"#5E4EA2"
"20_respiratory_35764_3#79_2020-04-23","20_respiratory_35764_3#79_2020-04-23","35764_3#79","20","respiratory","2020-04-23",0,0,0,1,0.976744186046512,0.0192307692307693,0,0,0,0.0606060606060606,"#5E4EA2"
"20_respiratory_35764_4#64_2020-04-23","20_respiratory_35764_4#64_2020-04-23","35764_4#64","20","respiratory","2020-04-23",0,0,0,0.981308411214953,0.443396226415094,0,0,0,0,0.153846153846154,"#5E4EA2"
"20_rectal_35173_1#47_2020-04-21","20_rectal_35173_1#47_2020-04-21","35173_1#47","20","rectal","2020-04-21",1,1,1,0,0,0,0,1,0.132352941176471,0.154639175257732,"#BCE6A0"
"20_rectal_35173_1#76_2020-04-23","20_rectal_35173_1#76_2020-04-23","35173_1#76","20","rectal","2020-04-23",1,1,1,0,0,0,0,1,1,1,"#BCE6A0"
"20_rectal_35658_3#12_2020-04-28","20_rectal_35658_3#12_2020-04-28","35658_3#12","20","rectal","2020-04-28",1,1,1,0,0,0,0,1,1,1,"#BCE6A0"
"20_rectal_35658_3#78_2020-04-30","20_rectal_35658_3#78_2020-04-30","35658_3#78","20","rectal","2020-04-30",1,1,1,0,0,0,0,1,1,1,"#BCE6A0"
"20_rectal_35748_1#26_2020-04-23","20_rectal_35748_1#26_2020-04-23","35748_1#26","20","rectal","2020-04-23",0.96078431372549,0.988888888888889,1,0.0142857142857142,0,0,0,0.106666666666667,0.0263157894736842,0.0131578947368421,"#BCE6A0"
"20_rectal_35748_2#67_2020-05-07","20_rectal_35748_2#67_2020-05-07","35748_2#67","20","rectal","2020-05-07",1,1,1,0,0,0,0,0.0113636363636364,0.0222222222222223,0.0547945205479452,"#BCE6A0"
"20_rectal_35801_1#59_2020-05-07","20_rectal_35801_1#59_2020-05-07","35801_1#59","20","rectal","2020-05-07",1,1,1,0,0.0416666666666666,0,0,1,1,1,"#BCE6A0"
"20_rectal_35748_1#5_2020-04-21","20_rectal_35748_1#5_2020-04-21","35748_1#5","20","rectal","2020-04-21",0.729411764705882,0.754098360655738,0.791208791208791,0.0277777777777778,0,0.180555555555556,0,0,0,0,"#BCE6A0"
